상품코드,상품명,1차 카테고리,2차 카테고리,대표이미지
711966,[오피스디포]컴팩트스탑워치(모닝글로리),학용품/학습준비물,연필/지우개/자/스탑워치,https://image.officedepot.co.kr/item/1000000004800/4.jpg
798413,[오피스디포]스톱워치(IB-1000H/아이비스),학용품/학습준비물,연필/지우개/자/스탑워치,https://image.officedepot.co.kr/item/1000000060317/4.jpg
710141,[오피스디포]캐릭터연필세트(5본/남/B/모닝글로리),학용품/학습준비물,연필/지우개/자/스탑워치,https://image.officedepot.co.kr/item/8801237596562/4.jpg
710142,[오피스디포]캐릭터연필세트(5본/여/B/모닝글로리),학용품/학습준비물,연필/지우개/자/스탑워치,https://image.officedepot.co.kr/item/8801237596579/4.jpg
710161,[오피스디포]캐릭터연필세트(10본/남/B/모닝글로리),학용품/학습준비물,연필/지우개/자/스탑워치,https://image.officedepot.co.kr/item/8801237580769/4.jpg
710162,[오피스디포]캐릭터연필세트(10본/여/B/모닝글로리),학용품/학습준비물,연필/지우개/자/스탑워치,https://image.officedepot.co.kr/item/8801237580752/4.jpg
712500,[오피스디포]빼꼼 연필세트(5본/B/동아),학용품/학습준비물,연필/지우개/자/스탑워치,https://image.officedepot.co.kr/old/img04/1000000028080.jpg
712501,[오피스디포]소피루비 연필세트(5본/B/동아),학용품/학습준비물,연필/지우개/자/스탑워치,https://image.officedepot.co.kr/old/img04/1000000028081.jpg
712502,[오피스디포]빼꼼 연필세트(10본/B/동아),학용품/학습준비물,연필/지우개/자/스탑워치,https://image.officedepot.co.kr/old/img04/1000000028082.jpg
712503,[오피스디포]소피루비 연필세트(10본/B/동아),학용품/학습준비물,연필/지우개/자/스탑워치,https://image.officedepot.co.kr/old/img04/1000000028083.jpg
720210,[오피스디포]노리스 에고소프트 점보삼각연필(153-2B/1자루/STAEDTLER),학용품/학습준비물,연필/지우개/자/스탑워치,https://image.officedepot.co.kr/item/1000000051922/4.jpg